employment_id,locations_positon_id
527294,207554
503931,207554
503468,207554
485900,207554
712404,207554
490318,207554
495328,207554
463487,207554
546022,207554
499461,207554
739597,207554
527294,207559
503931,207559
503468,207559
485900,207559
712404,207559
490318,207559
495328,207559
463487,207559
546022,207559
499461,207559
739597,207559
527294,207567
503931,207567
503468,207567
485900,207567
712404,207567
490318,207567
495328,207567
463487,207567
546022,207567
499461,207567
739597,207567
527294,207558
503931,207558
503468,207558
485900,207558
712404,207558
490318,207558
495328,207558
463487,207558
546022,207558
499461,207558
739597,207558
527294,207560
503931,207560
503468,207560
485900,207560
712404,207560
490318,207560
495328,207560
463487,207560
546022,207560
499461,207560
739597,207560
527294,207552
503931,207552
503468,207552
485900,207552
712404,207552
490318,207552
495328,207552
463487,207552
546022,207552
499461,207552
739597,207552
527294,207568
503931,207568
503468,207568
485900,207568
712404,207568
490318,207568
495328,207568
463487,207568
546022,207568
499461,207568
739597,207568
527294,207563
503931,207563
503468,207563
485900,207563
712404,207563
490318,207563
495328,207563
463487,207563
546022,207563
499461,207563
739597,207563
527294,207555
503931,207555
503468,207555
485900,207555
712404,207555
490318,207555
495328,207555
463487,207555
546022,207555
499461,207555
739597,207555
527294,207551
503931,207551
503468,207551
485900,207551
712404,207551
490318,207551
495328,207551
463487,207551
546022,207551
499461,207551
739597,207551
527294,207553
503931,207553
503468,207553
485900,207553
712404,207553
490318,207553
495328,207553
463487,207553
546022,207553
499461,207553
739597,207553
527294,207566
503931,207566
503468,207566
485900,207566
712404,207566
490318,207566
495328,207566
463487,207566
546022,207566
499461,207566
739597,207566
527294,207562
503931,207562
503468,207562
485900,207562
712404,207562
490318,207562
495328,207562
463487,207562
546022,207562
499461,207562
739597,207562
527294,207564
503931,207564
503468,207564
485900,207564
712404,207564
490318,207564
495328,207564
463487,207564
546022,207564
499461,207564
739597,207564
527294,207550
503931,207550
503468,207550
485900,207550
712404,207550
490318,207550
495328,207550
463487,207550
546022,207550
499461,207550
739597,207550
527294,207561
503931,207561
503468,207561
485900,207561
712404,207561
490318,207561
495328,207561
463487,207561
546022,207561
499461,207561
739597,207561
527294,207557
503931,207557
503468,207557
485900,207557
712404,207557
490318,207557
495328,207557
463487,207557
546022,207557
499461,207557
739597,207557
527294,207565
503931,207565
503468,207565
485900,207565
712404,207565
490318,207565
495328,207565
463487,207565
546022,207565
499461,207565
739597,207565
527294,207556
503931,207556
503468,207556
485900,207556
712404,207556
490318,207556
495328,207556
463487,207556
546022,207556
499461,207556
739597,207556